{"train/mini_batch_loss_train": 0.11353879421949387, "train/mini_batch_lr": 0.0001, "iter": 12020, "_timestamp": 1743223150.396377, "_runtime": 1762.3992071151733, "_step": 1201}