{"train/mini_batch_loss_train": 0.11423544585704803, "train/mini_batch_lr": 0.0001, "iter": 12020, "_timestamp": 1743223150.3965902, "_runtime": 1762.3799052238464, "_step": 1201}