{"train/mini_batch_loss_train": 0.11948397010564804, "train/mini_batch_lr": 0.0001, "iter": 12020, "_timestamp": 1743223150.396411, "_runtime": 1762.3357770442963, "_step": 1201}