{"train/mini_batch_loss_train": 0.12354568392038345, "train/mini_batch_lr": 0.0001, "iter": 12020, "_timestamp": 1743223150.3966417, "_runtime": 1762.3788068294525, "_step": 1201}